FILE NAME,FORMAT,SIZE,URL
COVID-19(1),PNG,1024*1024,https://www.sciencedirect.com/science/article/pii/S0140673620303706
COVID-19(2),PNG,1024*1024,https://www.sciencedirect.com/science/article/pii/S0929664620300449
COVID-19(3),PNG,1024*1024,https://www.sciencedirect.com/science/article/pii/S0929664620300449
COVID-19(4),PNG,1024*1024,https://www.sciencedirect.com/science/article/pii/S0929664620300449
COVID-19(5),PNG,1024*1024,https://www.sciencedirect.com/science/article/pii/S0929664620300449
COVID-19(6),PNG,1024*1024,https://www.sciencedirect.com/science/article/pii/S1684118220300608
COVID-19(7),PNG,1024*1024,https://www.sciencedirect.com/science/article/pii/S1684118220300608
COVID-19(8),PNG,1024*1024,https://www.sciencedirect.com/science/article/pii/S1684118220300682
COVID-19(9),PNG,1024*1024,https://www.sciencedirect.com/science/article/pii/S1684118220300682
COVID-19(10),PNG,1024*1024,https://www.sciencedirect.com/science/article/pii/S1684118220300682
COVID-19(11),PNG,1024*1024,https://www.sciencedirect.com/science/article/pii/S1684118220300682
COVID-19(12),PNG,1024*1024,https://cases.rsna.org/case/d363ee26-83a6-4517-a363-facea892c075
COVID-19(13),PNG,1024*1024,https://onlinelibrary.wiley.com/doi/full/10.1111/all.14238
COVID-19(14),PNG,1024*1024,https://onlinelibrary.wiley.com/doi/full/10.1111/all.14238
COVID-19(15),PNG,1024*1024,https://onlinelibrary.wiley.com/doi/full/10.1111/all.14238
COVID-19(16),PNG,1024*1024,https://onlinelibrary.wiley.com/doi/full/10.1111/all.14238
COVID-19(17),PNG,1024*1024,https://onlinelibrary.wiley.com/doi/full/10.1111/all.14238
COVID-19(18),PNG,1024*1024,https://www.nejm.org/doi/full/10.1056/NEJMc2001272
COVID-19(19),PNG,1024*1024,https://www.nejm.org/doi/full/10.1056/NEJMc2001272
COVID-19(20),PNG,1024*1024,https://www.nejm.org/doi/full/10.1056/NEJMc2001272
COVID-19(21),PNG,1024*1024,https://www.nejm.org/doi/full/10.1056/NEJMc2001272
COVID-19(22),PNG,1024*1024,https://www.nejm.org/doi/full/10.1056/NEJMc2001272
COVID-19(23),PNG,1024*1024,https://academic.oup.com/cid/advance-article/doi/10.1093/cid/ciaa199/5766408
COVID-19(24),PNG,1024*1024,https://academic.oup.com/cid/advance-article/doi/10.1093/cid/ciaa199/5766408
COVID-19(25),PNG,1024*1024,https://academic.oup.com/cid/advance-article/doi/10.1093/cid/ciaa199/5766408
COVID-19(26),PNG,1024*1024,https://radiopaedia.org/cases/covid-19-pneumonia-15
COVID-19(27),PNG,1024*1024,https://radiopaedia.org/cases/covid-19-pneumonia-15
COVID-19(28),PNG,1024*1024,https://radiopaedia.org/cases/covid-19-pneumonia-2
COVID-19(29),PNG,1024*1024,https://radiopaedia.org/cases/covid-19-pneumonia-7
COVID-19(30),PNG,1024*1024,https://radiopaedia.org/cases/covid-19-pneumonia-7
COVID-19(31),PNG,1024*1024,https://radiopaedia.org/cases/covid-19-pneumonia-14
COVID-19(32),PNG,1024*1024,https://radiopaedia.org/cases/covid-19-pneumonia-14
COVID-19(33),PNG,1024*1024,https://radiopaedia.org/cases/covid-19-pneumonia-12
COVID-19(34),PNG,1024*1024,https://radiopaedia.org/cases/covid-19-pneumonia-19
COVID-19(35),PNG,1024*1024,https://radiopaedia.org/cases/covid-19-pneumonia-30
COVID-19(36),PNG,1024*1024,https://radiopaedia.org/cases/covid-19-pneumonia-30
COVID-19(37),PNG,1024*1024,https://app.figure1.com/images/5e73d7ae897e27ff066a30cb
COVID-19(38),PNG,1024*1024,https://app.figure1.com/images/5e75d0940b71e1b702629659
COVID-19(39),PNG,1024*1024,https://app.figure1.com/images/5e71be566aa8714a04de3386
COVID-19(40),PNG,1024*1024,https://www.thelancet.com/journals/laninf/article/PIIS1473-3099(20)30111-0/fulltext
COVID-19(41),PNG,1024*1024,https://www.thelancet.com/journals/laninf/article/PIIS1473-3099(20)30111-0/fulltext
COVID-19(42),PNG,1024*1024,https://www.jkms.org/DOIx.php?id=10.3346/jkms.2020.35.e79
COVID-19(43),PNG,1024*1024,https://www.jkms.org/DOIx.php?id=10.3346/jkms.2020.35.e79
COVID-19(44),PNG,1024*1024,https://www.jkms.org/DOIx.php?id=10.3346/jkms.2020.35.e79
COVID-19(45),PNG,1024*1024,https://www.kjronline.org/DOIx.php?id=10.3348/kjr.2020.0132
COVID-19(46),PNG,1024*1024,https://www.kjronline.org/DOIx.php?id=10.3348/kjr.2020.0132
COVID-19(47),PNG,1024*1024,https://www.kjronline.org/DOIx.php?id=10.3348/kjr.2020.0132
COVID-19(48),PNG,1024*1024,https://www.kjronline.org/DOIx.php?id=10.3348/kjr.2020.0132
COVID-19(49),PNG,1024*1024,https://www.thelancet.com/journals/lancet/article/PIIS0140-6736%2820%2930211-7/fulltext
COVID-19(50),PNG,1024*1024,https://www.thelancet.com/journals/lancet/article/PIIS0140-6736%2820%2930211-7/fulltext
COVID-19(51),PNG,1024*1024,https://pubs.rsna.org/doi/10.1148/radiol.2020200269
COVID-19(52),PNG,1024*1024,https://pubs.rsna.org/doi/10.1148/radiol.2020200269
COVID-19(53),PNG,1024*1024,https://www.nejm.org/doi/full/10.1056/NEJMoa2001191
COVID-19(54),PNG,1024*1024,https://www.nejm.org/doi/full/10.1056/NEJMoa2001191
COVID-19(55),PNG,1024*1024,https://www.nejm.org/doi/full/10.1056/NEJMoa2001191
COVID-19(56),PNG,1024*1024,https://www.nejm.org/doi/full/10.1056/NEJMoa2001191
COVID-19(57),PNG,1024*1024,https://www.nejm.org/doi/full/10.1056/NEJMoa2001191
COVID-19(58),PNG,1024*1024,https://www.nejm.org/doi/full/10.1056/NEJMoa2001191
COVID-19(59),PNG,1024*1024,https://www.nejm.org/doi/full/10.1056/NEJMoa2001191
COVID-19(60),PNG,1024*1024,https://www.nejm.org/doi/full/10.1056/NEJMoa2001191
COVID-19(61),PNG,1024*1024,https://www.nejm.org/doi/full/10.1056/NEJMoa2001191
COVID-19(62),PNG,1024*1024,https://pubs.rsna.org/doi/full/10.1148/radiol.2020200490
COVID-19(63),PNG,1024*1024,https://radiopaedia.org/cases/covid-19-pneumonia-19
COVID-19(64),PNG,1024*1024,https://pubs.rsna.org/doi/full/10.1148/ryct.2020200034
COVID-19(65),PNG,1024*1024,https://pubs.rsna.org/doi/full/10.1148/ryct.2020200034
COVID-19(66),PNG,1024*1024,https://pubs.rsna.org/doi/full/10.1148/ryct.2020200034
COVID-19(67),PNG,1024*1024,https://pubs.rsna.org/doi/full/10.1148/ryct.2020200028
COVID-19(68),PNG,1024*1024,https://pubs.rsna.org/doi/full/10.1148/ryct.2020200034
COVID-19(69),PNG,1024*1024,https://www.thelancet.com/article/S0140-6736(20)30370-6/fulltext
COVID-19(70),PNG,1024*1024,https://synapse.koreamed.org/search.php?where=aview&id=10.3348/kjr.2020.0112&code=0068KJR&vmode=FULL
COVID-19(71),PNG,1024*1024,https://www.sciencedirect.com/science/article/pii/S1201971220301016
COVID-19(72),PNG,1024*1024,https://www.preprints.org/manuscript/202002.0156/v1
COVID-19(73),PNG,1024*1024,https://www.sciencedirect.com/science/article/pii/S0929664620300449
COVID-19(74),PNG,1024*1024,https://link.springer.com/article/10.1007/s00330-020-06731-x
COVID-19(75),PNG,1024*1024,https://link.springer.com/article/10.1186/s40779-020-0233-6
COVID-19(76),PNG,1024*1024,https://synapse.koreamed.org/search.php?where=aview&id=10.3348/kjr.2020.0132&code=0068KJR&vmode=FULL
COVID-19(77),PNG,1024*1024,https://www.medrxiv.org/content/medrxiv/early/2020/02/27/2020.02.25.20027763.full.pdf
COVID-19(78),PNG,1024*1024,https://papers.ssrn.com/sol3/papers.cfm?abstract_id=3544750
COVID-19(79),PNG,1024*1024,https://synapse.koreamed.org/DOIx.php?id=10.3346/jkms.2020.35.e79
COVID-19(80),PNG,1024*1024,https://www.sciencedirect.com/science/article/pii/S1546144020301502
COVID-19(81),PNG,1024*1024,https://www.medrxiv.org/content/10.1101/2020.03.03.20030353v1
COVID-19(82),PNG,1024*1024,https://www.medrxiv.org/content/10.1101/2020.02.19.20025023v1
COVID-19(83),PNG,1024*1024,https://www.medrxiv.org/content/10.1101/2020.02.10.20021584v1
COVID-19(84),PNG,1024*1024,https://www.ncbi.nlm.nih.gov/pubmed/32085849
COVID-19(85),PNG,1024*1024,https://www.medrxiv.org/content/10.1101/2020.02.19.20025239v1
COVID-19(86),PNG,1024*1024,https://onlinelibrary.wiley.com/doi/full/10.1111/all.14238
COVID-19(87),PNG,1024*1024,https://www.ncbi.nlm.nih.gov/pmc/articles/PMC7036645/
COVID-19(88),PNG,1024*1024,https://academic.oup.com/cid/advance-article/doi/10.1093/cid/ciaa199/5766408
COVID-19(89),PNG,1024*1024,https://pubs.rsna.org/doi/full/10.1148/radiol.2020200274
COVID-19(90),PNG,1024*1024,https://papers.ssrn.com/sol3/papers.cfm?abstract_id=3532530
COVID-19(91),PNG,1024*1024,https://www.preprints.org/manuscript/202003.0160/v1
COVID-19(92),PNG,1024*1024,https://www.sciencedirect.com/science/article/pii/S0720048X20301303
COVID-19(93),PNG,1024*1024,https://academic.oup.com/cid/advance-article/doi/10.1093/cid/ciaa225/5803274
COVID-19(94),PNG,1024*1024,https://www.tandfonline.com/doi/full/10.1080/24745332.2018.1514675
COVID-19(95),PNG,1024*1024,https://www.medrxiv.org/content/10.1101/2020.02.17.20024018v1
COVID-19(96),PNG,1024*1024,https://www.sciencedirect.com/science/article/pii/S1684118220300608
COVID-19(97),PNG,1024*1024,https://www.sciencedirect.com/science/article/pii/S1684118220300682
COVID-19(98),PNG,1024*1024,https://onlinelibrary.wiley.com/doi/full/10.1002/ppul.24718
COVID-19(99),PNG,1024*1024,https://www.preprints.org/manuscript/202003.0065/v2
COVID-19(100),PNG,1024*1024,https://www.medrxiv.org/content/10.1101/2020.02.26.20026989v1
COVID-19(101),PNG,1024*1024,https://papers.ssrn.com/sol3/papers.cfm?abstract_id=3548761
COVID-19(102),PNG,1024*1024,https://www.thelancet.com/journals/lancet/article/PIIS0140-6736(20)30111-2/fulltext
COVID-19(103),PNG,1024*1024,https://synapse.koreamed.org/search.php?where=aview&id=10.3348/kjr.2020.0132&code=0068KJR&vmode=FULL
COVID-19(104),PNG,1024*1024,https://www.medrxiv.org/content/medrxiv/early/2020/02/27/2020.02.25.20027763.full.pdf
COVID-19(105),PNG,1024*1024,https://papers.ssrn.com/sol3/papers.cfm?abstract_id=3544750
COVID-19(106),PNG,1024*1024,https://synapse.koreamed.org/DOIx.php?id=10.3346/jkms.2020.35.e79
COVID-19(107),PNG,1024*1024,https://www.sciencedirect.com/science/article/pii/S1546144020301502
COVID-19(108),PNG,1024*1024,https://www.medrxiv.org/content/10.1101/2020.03.03.20030353v1
COVID-19(109),PNG,1024*1024,https://www.medrxiv.org/content/10.1101/2020.02.19.20025023v1
COVID-19(110),PNG,1024*1024,https://www.medrxiv.org/content/10.1101/2020.02.10.20021584v1
COVID-19(111),PNG,1024*1024,https://www.ncbi.nlm.nih.gov/pubmed/32085849
COVID-19(112),PNG,1024*1024,https://www.medrxiv.org/content/10.1101/2020.02.19.20025239v1
COVID-19(113),PNG,1024*1024,https://onlinelibrary.wiley.com/doi/full/10.1111/all.14238
COVID-19(114),PNG,1024*1024,https://synapse.koreamed.org/search.php?where=aview&id=10.3348/kjr.2020.0112&code=0068KJR&vmode=FULL
COVID-19(115),PNG,1024*1024,https://www.sciencedirect.com/science/article/pii/S1201971220301016
COVID-19(116),PNG,1024*1024,https://www.preprints.org/manuscript/202002.0156/v1
COVID-19(117),PNG,1024*1024,https://www.sciencedirect.com/science/article/pii/S0929664620300449
COVID-19(118),PNG,1024*1024,https://link.springer.com/article/10.1007/s00330-020-06731-x
COVID-19(119),PNG,1024*1024,https://link.springer.com/article/10.1186/s40779-020-0233-6
COVID-19(120),PNG,1024*1024,https://synapse.koreamed.org/search.php?where=aview&id=10.3348/kjr.2020.0132&code=0068KJR&vmode=FULL
COVID-19(121),PNG,1024*1024,https://www.medrxiv.org/content/medrxiv/early/2020/02/27/2020.02.25.20027763.full.pdf
COVID-19(122),PNG,1024*1024,https://papers.ssrn.com/sol3/papers.cfm?abstract_id=3544750
COVID-19(123),PNG,1024*1024,https://synapse.koreamed.org/DOIx.php?id=10.3346/jkms.2020.35.e79
COVID-19(124),PNG,1024*1024,https://papers.ssrn.com/sol3/papers.cfm?abstract_id=3532530
COVID-19(125),PNG,1024*1024,https://www.tandfonline.com/doi/full/10.1080/24745332.2018.1514675
COVID-19(126),PNG,1024*1024,https://www.medrxiv.org/content/10.1101/2020.02.17.20024018v1
COVID-19(127),PNG,1024*1024,https://www.sciencedirect.com/science/article/pii/S1684118220300608
COVID-19(128),PNG,1024*1024,https://www.sciencedirect.com/science/article/pii/S1684118220300682
COVID-19(129),PNG,1024*1024,https://onlinelibrary.wiley.com/doi/full/10.1002/ppul.24718
COVID-19(130),PNG,1024*1024,https://www.preprints.org/manuscript/202003.0065/v2
COVID-19(131),PNG,1024*1024,https://www.medrxiv.org/content/10.1101/2020.02.26.20026989v1
COVID-19(132),PNG,1024*1024,https://papers.ssrn.com/sol3/papers.cfm?abstract_id=3548761
COVID-19(133),PNG,1024*1024,https://www.thelancet.com/journals/lancet/article/PIIS0140-6736(20)30111-2/fulltext
COVID-19(134),PNG,1024*1024,https://www.sirm.org/2020/03/10/covid-19-caso-32/
COVID-19(135),PNG,1024*1024,https://www.sirm.org/2020/03/10/covid-19-caso-32/
COVID-19(136),PNG,1024*1024,https://www.sirm.org/2020/03/10/covid-19-caso-32/
COVID-19(137),PNG,1024*1024,https://www.sirm.org/2020/03/03/covid19-caso-2/
COVID-19(138),PNG,1024*1024,https://www.sirm.org/2020/03/03/covid19-caso-2/
COVID-19(139),PNG,1024*1024,https://www.sirm.org/2020/03/03/covid19-caso-2/
COVID-19(140),PNG,1024*1024,https://www.sirm.org/2020/03/04/covid-19-caso-4/
COVID-19(141),PNG,1024*1024,https://www.sirm.org/2020/03/04/covid-19-caso-4/
COVID-19(142),PNG,1024*1024,https://www.sirm.org/2020/03/04/covid-19-caso-4/
COVID-19(143),PNG,1024*1024,https://www.sirm.org/2020/03/04/covid-19-caso-7/
COVID-19(144),PNG,1024*1024,https://www.sirm.org/2020/03/04/covid-19-caso-7/
COVID-19(145),PNG,1024*1024,https://www.sirm.org/2020/03/04/covid-19-caso-7/
COVID-19(146),PNG,1024*1024,https://www.sirm.org/2020/03/05/covid-19-caso-8/
COVID-19(147),PNG,1024*1024,https://www.sirm.org/2020/03/05/covid-19-caso-8/
COVID-19(148),PNG,1024*1024,https://www.sirm.org/2020/03/05/covid-19-caso-8/
COVID-19(149),PNG,1024*1024,https://www.sirm.org/2020/03/07/covid-19-caso-12/
COVID-19(150),PNG,1024*1024,https://www.sirm.org/2020/03/07/covid-19-caso-12/
COVID-19(151),PNG,1024*1024,https://www.sirm.org/2020/03/08/covid-19-caso-13/
COVID-19(152),PNG,1024*1024,https://www.sirm.org/2020/03/08/covid-19-caso-13/
COVID-19(153),PNG,1024*1024,https://www.sirm.org/2020/03/08/covid-19-caso-14/
COVID-19(154),PNG,1024*1024,https://www.sirm.org/2020/03/08/covid-19-caso-14/
COVID-19(155),PNG,1024*1024,https://www.sirm.org/2020/03/08/covid-19-caso-15/
COVID-19(156),PNG,1024*1024,https://www.sirm.org/2020/03/10/covid-19-caso-21/
COVID-19(157),PNG,1024*1024,https://www.sirm.org/2020/03/10/covid-19-caso-22/
COVID-19(158),PNG,1024*1024,https://www.sirm.org/2020/03/10/covid-19-caso-23/
COVID-19(159),PNG,1024*1024,https://www.sirm.org/2020/03/10/covid-19-caso-24/
COVID-19(160),PNG,1024*1024,https://www.sirm.org/2020/03/10/covid-19-caso-25/
COVID-19(161),PNG,1024*1024,https://www.sirm.org/2020/03/10/covid-19-caso-26/
COVID-19(162),PNG,1024*1024,https://www.sirm.org/2020/03/10/covid-19-caso-27/
COVID-19(163),PNG,1024*1024,https://www.sirm.org/2020/03/10/covid-19-caso-29/
COVID-19(164),PNG,1024*1024,https://www.sirm.org/2020/03/10/covid-19-caso-30/
COVID-19(165),PNG,1024*1024,https://www.sirm.org/2020/03/10/covid-19-caso-31/
COVID-19(166),PNG,1024*1024,https://www.sirm.org/2020/03/10/covid-19-caso-34/
COVID-19(167),PNG,1024*1024,https://www.sirm.org/2020/03/10/covid-19-caso-34/
COVID-19(168),PNG,1024*1024,https://www.sirm.org/2020/03/10/covid-19-caso-34/
COVID-19(169),PNG,1024*1024,https://www.sirm.org/2020/03/10/covid-19-caso-34/
COVID-19(170),PNG,1024*1024,https://www.sirm.org/2020/03/11/covid-19-caso-38/
COVID-19(171),PNG,1024*1024,https://www.sirm.org/2020/03/11/covid-19-caso-40/
COVID-19(172),PNG,1024*1024,https://www.sirm.org/2020/03/11/covid-19-caso-41/
COVID-19(173),PNG,1024*1024,https://www.sirm.org/2020/03/13/covid-19-caso-42/
COVID-19(174),PNG,1024*1024,https://www.sirm.org/2020/03/13/covid-19-caso-43/
COVID-19(175),PNG,1024*1024,https://www.sirm.org/2020/03/13/covid-19-caso-44/
COVID-19(176),PNG,1024*1024,https://www.sirm.org/2020/03/13/covid-19-caso-44/
COVID-19(177),PNG,1024*1024,https://www.sirm.org/2020/03/13/covid-19-caso-44/
COVID-19(178),PNG,1024*1024,https://www.sirm.org/2020/03/14/covid-19-caso-47/
COVID-19(179),PNG,1024*1024,https://www.sirm.org/2020/03/14/covid-19-caso-47/
COVID-19(180),PNG,1024*1024,https://www.sirm.org/2020/03/14/covid-19-caso-47/
COVID-19(181),PNG,1024*1024,https://www.sirm.org/2020/03/16/covid-19-caso-50/
COVID-19(182),PNG,1024*1024,https://www.sirm.org/2020/03/10/covid-19-caso-24/
COVID-19(183),PNG,1024*1024,https://www.sirm.org/2020/03/10/covid-19-caso-25/
COVID-19(184),PNG,1024*1024,https://www.sirm.org/2020/03/10/covid-19-caso-26/
COVID-19(185),PNG,1024*1024,https://www.sirm.org/2020/03/10/covid-19-caso-27/
COVID-19(186),PNG,1024*1024,https://www.sirm.org/2020/03/10/covid-19-caso-29/
COVID-19(187),PNG,1024*1024,https://www.sirm.org/2020/03/10/covid-19-caso-30/
COVID-19(188),PNG,1024*1024,https://www.sirm.org/2020/03/10/covid-19-caso-31/
COVID-19(189),PNG,1024*1024,https://www.sirm.org/2020/03/10/covid-19-caso-34/
COVID-19(190),PNG,1024*1024,https://www.sirm.org/2020/03/10/covid-19-caso-34/
COVID-19(191),PNG,1024*1024,https://www.sirm.org/2020/03/10/covid-19-caso-34/
COVID-19(192),PNG,1024*1024,https://www.sirm.org/2020/03/10/covid-19-caso-34/
COVID-19(193),PNG,1024*1024,https://www.sirm.org/2020/03/11/covid-19-caso-38/
COVID-19(194),PNG,1024*1024,https://www.sirm.org/2020/03/11/covid-19-caso-40/
COVID-19(195),PNG,1024*1024,https://www.sirm.org/2020/03/11/covid-19-caso-41/
COVID-19(196),PNG,1024*1024,https://www.sirm.org/2020/03/10/covid-19-caso-30/
COVID-19(197),PNG,1024*1024,https://www.sirm.org/2020/03/10/covid-19-caso-31/
COVID-19(198),PNG,1024*1024,https://www.sirm.org/2020/03/10/covid-19-caso-34/
COVID-19(199),PNG,1024*1024,https://www.sirm.org/2020/03/10/covid-19-caso-34/
COVID-19(200),PNG,1024*1024,https://www.sirm.org/2020/03/10/covid-19-caso-34/
COVID-19(201),PNG,1024*1024,https://www.sirm.org/2020/03/10/covid-19-caso-34/
COVID-19(202),PNG,1024*1024,https://www.sirm.org/2020/03/11/covid-19-caso-38/
COVID-19(203),PNG,1024*1024,https://www.sirm.org/2020/03/19/covid-19-caso-55/
COVID-19(204),PNG,1024*1024,https://www.sirm.org/2020/03/19/covid-19-caso-55/
COVID-19(205),PNG,1024*1024,https://www.sirm.org/2020/03/19/covid-19-caso-54/
COVID-19(206),PNG,1024*1024,https://www.sirm.org/2020/03/21/covid-19-caso-56/
COVID-19(207),PNG,1024*1024,https://www.sirm.org/2020/03/21/covid-19-caso-57/
COVID-19(208),PNG,1024*1024,https://www.sirm.org/2020/03/21/covid-19-caso-58/
COVID-19(209),PNG,1024*1024,https://www.sirm.org/2020/03/21/covid-19-caso-59/
COVID-19(210),PNG,1024*1024,https://www.sirm.org/2020/03/21/covid-19-caso-59/
COVID-19(211),PNG,1024*1024,https://www.sirm.org/2020/03/21/covid-19-caso-60/
COVID-19(212),PNG,1024*1024,https://www.sirm.org/2020/03/21/covid-19-caso-60/
COVID-19(213),PNG,1024*1024,https://www.sirm.org/2020/03/27/covid-19-caso-61/
COVID-19(214),PNG,1024*1024,https://www.sirm.org/2020/03/27/covid-19-caso-63/
COVID-19(215),PNG,1024*1024,https://www.sirm.org/2020/03/28/covid-19-caso-64/
COVID-19(216),PNG,1024*1024,https://www.sirm.org/2020/03/28/covid-19-caso-65/
COVID-19(217),PNG,1024*1024,https://www.sirm.org/2020/03/28/covid-19-caso-65/
COVID-19(218),PNG,1024*1024,https://www.sirm.org/2020/03/28/covid-19-caso-66/
COVID-19(219),PNG,1024*1024,https://www.sirm.org/2020/03/28/covid-19-caso-66/
